tweet,sentiment
3a2bel miye,1
alla yse3dik,1
allah ma3k ya chekh,1
hahahaahah wala ahdam,1
bhebbik ya ashta,1
yi alf mabruk,1
enta mo7taram,1
ten3add 3alk zouzouu,1
ent bteshtehal,1
her nails ktir helwin,1
okk inshallah,1
yuy jamela,1
kenet hes ino ma fiye shil 3youne 3annek halla2 t2akadet alla yehmike ya arzet lebnen shamso,1
alla yse3id li ha ykoun bi tari2ik,1
3a2bel el 100 5ayye,1
ya 3omree enti law ta3rfe shu chta2telek,1
bheb keef fe aalam ma baarefa btaaref kteer eshya 3anne,1
good evening ya a7la 3arous,1
guys ana nezel 7areb 2oul la2 lal fased,1
enti em wl ekhet wl sadi2a li mnstened 3layha mnt3alam mna bi kel chi bkhos 7aytna allah ykhalik ya rab tawel bi 3omrik,1
sobhan allah 3anjad,1
ma btghebbi 3ana ela lama tkoune machghoule allah ywaf2ek bkl khutwe ya 7ayyety bs nehna chta2nelik hkena,1
ana kamen ma bestaghreb laen ba3rfek shames yali ra7 tdala teshro2,1
mwaffa2a farjina shaklik,1
aah ysalmik,1
kif fiye nem ana mrach7a,1
eh basita hamdella fe shahed wa ella shu kena bn3ml baleh,1
coman shaghle kbire,1
your hair is so pretty this length bas kelshi byelba2lek habibi,1
waw allah yzidon,1
guys bhebkun,1
b7eb sallim 3a lama o5te,1
tdum hal dohke,1
sobhan allah,1
translate from swedish wala wala tle3et befham swedish mama3ich khabar,1
hie btmshe la7ala,1
no lhmdela,1
bonsoir abouna abouna ma trid 3ala 7ada khalli imanak bi yesou3 kbir sabit hou bi7ibak inta labayt khallik kahin 7ibou,1
tjawazine botbo5lik,1
yislam timmak mniftikhir fik inta bit mathilna,1
knafe masalan with extra 2atter,1
tararam hatta amar 3ala ard bnazzelekk,1
wala ahdam,1
sht2na la hadmtek 3a snap 3a fekra,1
aslan enta bi albe anw so very close,1
ma berda ysibak shi bib,1
wlak dakhel rabak mabrouk tchouf 3a weja kher,1
ente ahla chi bel hayet,1
wlek alf so7a hana,1
ya 3en,1
sho 7elo t3esh l7ob,1
shu hal avi lhelwe hay,1
thank you habibii ghady 3njd im so happyy la2n 3am behke with little man like you little gentleman,1
ykhalilik yeha,1
a7la najwa bel dene,1
ya ahla ya saba77 naje7 ya saba7 hal wej l7eloo,1
ajmal festan shefto b7ayeti ma byelba2 ela elik,1
y3tike 3efye nawarti dewal 3arabiye bi sawtik wjoudik hala2 lebnen nater arzto la ymali sawta bi kel zewye fi natriinek,1
eh khls bteje bteshar sabet ma3na kabbir halak 3leyoun,1
bima enno 3am twaz3e rts hi nancyy love aslan ana bhebbikk bmout fike retweet aw bala retweet,1
eh khayy,1
hayete ma atyabkonn,1
hahahahhahahahahhahahaha lek haida ktir mahdum,1
understand bass aw2at el moumasil kamen byerte7 bil temsil ma3 hal chakhes ma ba3rif fekrte ghalat,1
hahahhahahhaa hayete,1
haram allah yeshfina,1
ya mhazab,1
kifek lywam nchallah ykoun nharik metel ma bttmani ya rab,1
enta alf khairr 7bebe wallah ana aktar,1
lezim el banet yghano mennik mch ente tghare mennoun,1
yi yeslamli albek ma atyabek aham shi youre fine enjoy your time ya 3omri,1
laa mafeek tkoun hal2ad helo sawtak hek laa,1
hawde fishes 3lay eno hie lebse mermaid hawde fishes 3lay ktir 7byto ana,1
merci alla yehmilek 3younek,1
shukran allah ykhalliik,1
lek yo2borne allah li khala2ik jamelek bhebek ktir,1
niyel kel 7ada 3m ye7darik,1
shukran shukran bas men enta le elak s3ten btmda7ne men shen allah ele men enta,1
7elwe khzene warake tbh,1
saba7 kheir ya habibit albi nchalla ykoon nharek 7ilo,1
shu hal jamel,1
enta ossa lahalak ya kbir,1
yea3od saba7ek ya amira,1
lek eh d7ake fekroun yza3loulna yeke facharo,1
bs ktir tslayna bl helem like ma tarknachi ma 3melne,1
allah ykhallilkoun yeha ytawwil 3omra ya rabb,1
oumo nesma3 keaton henson nekol shawarma,1
baadne ma3ik ana ha,1
at 3 30 miss you me yii bel sharaf eh kifon ahlak hek,1
hahahahahh akid hl2 ento nbsatu lanu kl chi ra7 kermal loudios kenoo m3i elkon,1
jamalak ya 3asoly lk bi3sha2ak ana alah yi7kmik ya 7obby da5il zamalo,1
bmout fiha min,1
el manzar helo,1
allah yesma3 menakk,1
alah yesalmek thanks,1
bas ennu bkafi sheftek y2oborni jamelek,1
wow wow wow btekhoud 3a2el bravo,1
bhbk ktr,1
eh mni7a khls 3ajbetne,1
3a2bel kell sene,1
wlekk aywa,1
good morning ya bayk,1
merci laenik deyman ma3na,1
essa bdna wahde bhe2elo la abu el lel 4 yo2boshne,1
hohohho 3leik 5ayr,1
bkra el clasico sara7a ma7a 27ke ktir 3ashen damen el reb7,1
mbala and here ull say nshalla 3atool merci,1
btestehali naja7at al deni l2nek btenshri al fara7 wen ma ken mabrok 3layki inti wa m7ebenk kl naja7at,1
ahla shab,1
bheb wajjeh tahiyye lal dekene btdall fetha lal se3a 10 bl day3a,1
sba7o bro,1
mercii habibteh,1
merci hyte metlik,1
yes3od maseke madam ahlam kifek nchalah bkher momkin ehkike khas lww samahte daroure,1
yo2borne allah li khala2 ltayab,1
yeslamle hal mankhour,1
kabran smallah,1
yeyy shu bet3a2ed ibtiss 7bait kter new look tb3a,1
sha3eb bi7ib balado,1
eh habibo,1
ta7iyyete la ghandi,1
hayete entii,1
wlak ehh,1
hayatati shu bhebkon,1
halla2 seriously fi seer denniye mant2a kteer 7elwe bass inno ma tet3ate ma3 7ada bass ka nature raw3a,1
kil 3ayle kaiss kela jamel,1
hahahahh tab3ann,1
100 bravoo sara 3ala wa3yek,1
tayib el 3adas ya bro,1
yala nwale3a,1
merci da3mak rafael nchallah byejma3kon 3amal 2a2rab wa2t love both,1
sheyfe ma atyaba hal bannut,1
be2olo b3aynayke seher ma bteslam meno da2at,1
salemet albkk,1
lol ken 3nde rfi2 y3rf bel akhla2 wel wafa,1
ya hayeti,1
2a7la manzar bchoufo b7ayete tayyeb,1
ne7na e5we mn 8ayr ahel ya khaye,1
enta kbir,1
enno eza bedik chi masle chii ro2assa bel clipp fi ana wala yhemik yaaneh,1
mashaallah my view from my grandparents balcony this jame3 is beautiful,1
elie sleiman m3alim,1
ma3 ene dyman bred lsene be 9 shafrat ana kazebaa ya rab tsm7nee,1
heart shaped joura khalas ma ba2 ra7 n3asseb mennik,1
ma asrte fashytleew 5l2e,1
merci habibti,1
4years esht2telk ya ghali ya baye,1
allah ysalmak thanks,1
brothers mabrouk abou ali,1
bhebak thou,1
hayoufa habibet albna bas,1
wlk salemet ejrek,1
bechta2lik kell raffit 3ayn kell ma da2 2albe b7ebbik,1
mni7 ana 2ata3et hayy mar7ale seret bi wa2et 3ande 2 courses kell semester,1
eh mnih tamantine,1
happy birthday fawzii nshala bt72e2 kel 27lemak love uu,1
shukran shukran men ma kent tkon aw tkone love you 3anjad 5ajltone mwaah,1
finally 3refte,1
yuu salemtakk,1
la eyounik,1
8ayrak ma bade 2loob,1
lak happy birthdaay la ahla nini bel dene,1
lek habibi,1
sabaho,1
tekrameh loulou,1
hahaha enta jamelak gher mawdou3,1
miss 7obi,1
wlik nyil alb kkl 7ada refa2ik bhl re7li nyel albon,1
min ghayrik ya arzit lebnen kharj y3ayyid jeish bi 3ido fakhourin fike,1
allah ystour,1
maybe bas kti helwee,1
allah ykhalilna hal net,1
sabaho ya amour,1
hayda houwe jamel bhebik ya amar,1
nehna jehzin walla inte na2e date bass,1
sabah nour ya rouh albee allah yeg3al yawmik sbahik malyen hobb 7ala,1
ykhalili albak,1
ktir helwin confessions bhebkon,1
y2borni ma atyaba,1
lak albe enta,1
khalas awal ma o2bad 3acha 3laye kelkoun ma3zoumin,1
kif ken nhara 7elwetna,1
shu innak happy kid,1
saba7 ma7abi li2ano lywam 3id ma7abi 3id 2om,1
nourdarwish_ hahahahahaa yeslamlee le byege berouuhh,1
allah yuhfazak ykhalilak ahlak,1
miss you ad baher,1
na2ili ahla zahra,1
bmoot feke ana,1
allah ykhalilik emik allah yer7ama habibti,1
enta 7orr,1
hahahaha fadeh wlo saba7oo,1
be albe hehe,1
hahhahaahahaa helwin,1
hahaha ha efthlon shebek yenzlo y23do ma3na,1
a7la friend wallah,1
3omre ana,1
cuz badde kejjik,1
yrba b3ezek bi dalelik,1
jamelkon 7abeyeb l2alb ghabi raphi yo2brni rabkon chou b7ebkon,1
wma w3adtik njoum layl,1
bass helwe bte2toul,1
ha2ikk habibtii,1
niyela tia fiki bhbk,1
ya habibi,1
ma tensame hayatim ento n3me,1
2eleeb gheleb jamelik jameel dekhlik li 3am ye3kous 3a jamelik khereji malaki bi akhle2ik tybttiik tawad3,1
akid natrinak ya kbir,1
ktir 7lwen kalimeta o8nyi one of my best,1
sa7tayn ya ghalye,1
shukran la wjdokon be 7ayti,1
7abeebi bl aktar brhum,1
yu2burne yali 3m ysu2,1
3anjad sho mahdomeen,1
3melet like bas nshalah 2e2dar enzal 3a beirut jom3a,1
oul allah,1
bmout bgharamek,1
thank you hbb 3alina 3alik,1
ktir bheb 3alam yali bytfalsafo bala ma yfakro bl mante2 bhes hale ktir zakiye,1
helo kter mashaallah bas nefse t8ayre hal pose,1
habibii ana kamen home,1
lk beskon bl khayme bsaknek ma7ale,1
dakhil rab red and black,1
so my mom ela yawmen 3am t2elle enne helwe wowowow ana mfalls mom,1
msefra trou7e terja3e bel saleme bas khabrina chou fi,1
27lem sa3de,1
ahla kalem bi fich el alb,1
shu kbiir albo,1
3am tehke mazbout,1
noo 3ide bokra bas 3ayadoune abel be yawm btw merci ktir lana,1
ente 3arfe eno ana maflouj b7obbek,1
inshallaa a7s ena 3ed ya3ne,1
habibi,1
3mb tsire barbie aw shou betsattlee,1
a7la tont garce,1
alf sahtayn,1
wallah bhebak min ghayrak bado yjibne,1
haha ta2es majnoun bs bhebbo,1
3am e7dar film ktr waw bass mbrf esmo emt tzakrtk,1
ah meshe 3a rasse,1
ma mnaaref nekhod selfies helwin bes bhebbik,1
sabahu allous,1
ykhalilak yeha hbb,1
da5l jamelik hadamtik,1
jamelik nansi,1
meshe habibe allah yhannikun it was nice experience,1
saba7 khayr ya 3omri,1
ya habibet albe ente law ta3rfe adeh farrahtina adeh bhebbik adeh fakhoura fike,1
akid akid,1
mn temmak la bab sama,1
le hla2ad helwe ente,1
32bel ma ne2dar nejtemi3 ma3ik bi lebnen,1
inte kteer 7elwe,1
sa3ade fo2or wel ghena,1
hahahah stil hearing it bas akid rah eshta2lo,1
bonjourr to2breni nchallah ykoun nharek helo ana rayha 3al madrase rah eshta2lek,1
ana bhebik no2ta 3al sater huh,1
allah yenssorkone,1
fi hada we3e bakir akid m7mas for tonight,1
yekhreb baetak habbaetak,1
habibte ente boukra baalle2lik posters,1
happy mothers day alla yklili yaki,1
tesba7i 3la khayr,1
bkoun mamnuntek,1
bn7bek marwan,1
10 ashta 3asal,1
yi habibi ktir cutie 3,1
ta3a la albe,1
lahza hayda cutie elik,1
hos ballash madrasat l7ob ajmal l2aw2at lamma nkoun 3m no7dar shi elek,1
hahaha tabb sma3e shi bifarfish barke byetghayyar,1
baby sht2telak,1
btaarfe le bc aam nakit maae ana mahdoume so hadamte bten3ekis ela with manik mahdumi,1
hahahaha niyelek fiye,1
leh ma 3m t3abreni leh ennu love you ktiir kaza,1
uf ya alla ktir mahdoum,1
aa2bel alef miyye,1
ya ahlan fiki ya nathalie el muhim testafidi,1
nhar wala ahla,1
ratrout allah y5allilek 2emmek ya rab yeslam hal sawt raw3a,1
congratulations ktir 7elo mousalsal natrin 7al2at ba2we,1
b7bek la y5las 3omri,1
ahama shi eno tkoun mabsout 7at law fi ness ma badon hal shi,1
albi rouhi jujati 3a2bel 100 abariniii banoutet baytna ghanoujetna wa7idi,1
haza meno hada l7elo,1
bhebik loser,1
najwa kella zaw2 a5lee2 tawado3,1
eh wanted to ask shu sayer ma3ak salemtak,1
allah kareem,1
bas helwe rjae nazliya,1
tole3 ba3do 3ayish hahaha,1
ajmal min hayete,1
ktir bheb eno ref2ate bya3moule tag 3ala hayde,1
iza kel bijewib 3ala hayde tweet betla3 live yalla,1
jamelo,1
sabah noor,1
badna nwajeh ta7iye la n3ayydo nitf,1
mhamad bedna ta7iyeh min lna2ach lal ghazieh,1
habib albe,1
wow hawde bel 1997 7elwe btdallik 7elwe,1
l3awad salemtak me hbb ya dam,1
ghaida adde aam tedhake,1
ah ya helouu,1
ahh lhamdellaa,1
allah ykaberna,1
hayete alla ywaf2ik yemta betkhlse,1
walla badde sewe shi iza mnerbah,1
jamelik rita tayoube,1
akh chou bhebbik,1
smalla 3lek alla y2awik,1
thanks habibi,1
aahahha ktir bshil,1
bokra fe surprise la eli nshalla tkon helwee bass,1
ahla shala bel kel natraaka,1
hayete bebe,1
meen bi 3a2do,1
no sa7tein,1
ana bet5araj ymkn,1
wallah yemken ahla compliment hayda,1
ma mlahzin ma 3am ne2 ktir,1
alla yehmik ywaf2ak btestehal kel kheir ya istez,1
yi salemet alba your bestie ahh sorry shes my bestie too,1
betmooni mre2e khede shway mn 3na,1
hahaha eh a7la ma2ta3,1
hahaha wlek yekhreb bayteek habebe ana b7bekk kk,1
chta2nelik kteir amaree ta3e hkenaa netaman 3anik khabrena sho 3emla,1
yo2berni yali 5alla2ak,1
bil keif bunch of rawa2,1
alah ymarre2 hall2iyyem 3a 5eir,1
walaw mafi a7san mennak bro,1
sakaret chem benja7 tarbiya,1
yaa mich tb3ee chu cht2nelikk wlo,1
ykhalilna yeki,1
kel yum ma3 ba3ed actually heuheu,1
lak shou hal soware shou hal looks hawde amar,1
7elwe sahra ma3na eh,1
allah yawf2ek hayatim elek f2dee,1
eza sushi ta3o 3a my restaurant sushi bar suttiku elkoun discount,1
b7ebbik b7ebbik b7ebbik lk ente 3omre wl dene kella 3ende,1
mni7 ma bibayno fik,1
leli leli lel ya 3en,1
ahahahahahaha yala,1
eza my eyebrows kouno helwin bhes hale ktir helwe,1
chou ra2yik teje te7kina lyom 3ende eval maths bokra ta3e 3tine chwayit energie,1
habbayte aa zaw2ik,1
habibe ya abed thanks bro,1
aslan lbenet helweh ma sar chi fiya ta3mil modeling,1
thank youu ya 7lwee 3yonekk,1
natriino ya 3omri,1
yeslamle 3aynak jari2 wel vedette ya amar,1
amar bi ma3na el 7a2i2i ya amerat el amerat inti,1
alf mabrouk allah yihanikon yiwafi2kon,1
jamelikk na3iman,1
to2borne hl talle hl de7ke,1
ahdam ahla benet bl dene kella id love to see you soon,1
7arakatik ya waylii,1
saba7ik yaroush,1
met7amsi ktir carolina lil 7al2a,1
alah ysma3 menak meno menne mn aboudi hamudi tofi,1
ktir ktir ktir bhebbik,1
mitla abadan sibhan alla,1
we nihna ma mni3bal ghairak ra3is,1
yo2borne allah,1
betraye7 hbb yalla,1
kelak zo2,1
chta2tellik ktir,1
t2bor hayete ldaffeye shu bheba,1
yes3d maseke ya aghla 3alam to2obrine,1
fi ahdam mn hek,1
wejjak art,1
hahahahah shou mahdume,1
good night ya albii,1
akid mnu 3eb,1
hahaha habibi,1
ya bayye ma ajmalo,1
saba7 nour,1
kello jehiz tfaddale,1
btaarfo bhek ta2es bhal hawa ade naqoura bt kun hlwe,1
haydi masere7 khele2et la elik,1
habibi enti elek atyab croissant,1
cht2nelikk tayib,1
hahahahaha bhba msh ide,1
oh my god ktir 3abele ouzi,1
shou 7bayt hal dress ktir 7elo mermaid cut betsattil 3leike 3atoul,1
jamelek enti,1
sabahoo nchalla ykoun nhar 7elou lal jami3,1
wala ahdam ktir b7ebik,1
walla mahdum,1
mannak alil,1
public health daghet ktir bas jaw ahla malyounen marra,1
yalla kelkoun elkoun ride menne bass teje el driving license,1
loving twitter khsouse gif ktir mo3abirin wlo,1
ytawil bi 3emrik,1
na3iman ya 3abbas,1
2alef mabrouk,1
pray together because alla ykun ma3ak,1
hahahaha la2 bs 7elwe alphabet,1
chou hal cheikh hayda yaret lkel metlo malla kalem ktir kbir,1
yay ana kter mabsouta met7amsi wa akheran ra7 shufik bi wallah la nkayef,1
aamo semmaan kifek,1
mado law sar 3omrik 100 betdalik bet3a2de 2a7la we7de wlik jamelik,1
mawf2a najwatii,1
khedi rahtek elle ma 3ajbo ma yehki,1
shi marra badde a3mellak matte b7alib ya m3allim,1
yess birayy7o nafsiyye episodes,1
toul 3omre ana your mom mnettefe2 smh,1
jmelik jamel de7ektik,1
touma dnd bhbkon kter hihihi,1
hahahah million ya aneni khlas lakan see in heaven allah y2awi imenak,1
hahah 7abbet,1
sabah kher ya helwin,1
hote kil se2atek fena,1
good morning ya a7la hadhood miss you,1
mero bn7bek,1
yisslamli kim kim mhamad pleas bawissleh yeha,1
hebbo ba3ed ma t3anfo ba3ed,1
lah 3ade,1
kel bi hebne habibe,1
ana li baarfik,1
inta khaye,1
ana eza kel yom booaa aa joe aam yehkine fran ais bdalne mabsouta tool hayeteh mabsuta,1
eh min addounn,1
bye3jboune eli bi fakro halon azkiya,1
a2wa partner bel dene ma besta8ne 3annik,1
m7ammad akid b7ess biotl3o helwin ktir li anne b7ebbik be hal look mtl look akhdar be ta3a 5abik,1
hahaa kif ma kente mahdoume,1
merci ya helo,1
eh walla nchalla forever,1
hayete ente,1
wlak ana bhebik aktar,1
mahassen aktar hada sheyfo bhayete byedhak byebtesim aw,1
ykhalili tayab,1
shukran ya 3ami 5ajltone mwaah,1
ktir helo tebtesim bwej hada yredelak basme basme akbar,1
tesba7e 3ala alef kher 7obbi allah ykhallile ye7mile yeke b7ebbik ktir mwah,1
alah ykhalilik yeha fo2 raskon,1
kamen ma ba3refa bas niyel albaa min wayn jibto soura,1
walla b7ebbik,1
she was like guys bheb elfetlkon entbehkon eno fet goal tene nahna eno euh melissa hayda replay,1
zedd e3jebe bl clip aktar bi 3a2ed ktir fakhour fik chghlak clip raw3a raw3a ma ba3rf chou bade ehke,1
bta3rfe eddei bhebbik,1
ys3d rabek ma atyabek sabaho,1
hahahahah 7bb n7na mn7bak,1
ana b7ebbik,1
ya ahla sahla,1
allah yer7ama,1
3a albik,1
dakhilo cheriyik,1
3emleto 3a a5dar ktir 7elo,1
chou b7ebba hl ghenniye,1
da5ela de7ki sho b7eba,1
ana bel 3akes ana ken b7ebo ba3dne b7ebo b7eb temsilo,1
boutoule ra2i3a chakla,1
yi hal bouquet bas 7elo ahahhaah wroud kawn ma btkfike,1
jamela 2albi sa7a hana,1
waynik ya najwaa chta2nelik,1
mechte2etlk ktir,1
yii shu kebran tantee,1
shu ra2yak taatine hanen ele kamena,1
ok bas bhebik,1
hayete inte,1
7bbo ba3dkon,1
mabrouk ya ro7i mabrouk to2ber albi btestahal 500k aktar,1
shu 7elo adysh lz8ar le kbar b7boke,1
lesh fi ahla mn lebnen,1
saba7 khayr,1
y7ale eyemek,1
lol salme,1
kl 3am enty oum kl dnye bkher alla la yr7mna mnkoum,1
ya albe,1
uf eh hayda hake,1
bhebik ktir ktir ktir,1
hayete tal3a amar,1
chu haydaa ktiir cute,1
hahahahahhahahaah awiye,1
b7ebbik b7ebbik,1
lek ana fini aal hanen hayda,1
yumy btehsbe hsebe pls,1
hahaha eh akiid,1
omg bteshbah setti,1
mabroukk bella,1
m7abtik jem3tna men kel deni,1
da5l jamelik 7akyik,1
chta2telik ya 3omri,1
byetla3lo 7ayatsi star for more than 30 yrs ghayro ndadan 5alas bs la2 ana ma bshufo hek abadan bl 3aks metwade3,1
ya albe,1
habibi enti,1
me3a ha2 el welde,1
wlak tekram 3aynak men zahle benzal 3a verdun,1
hahahahahahaha bokra b3arfik 3laya,1
man seriously faratet dehek,1
yalla kher,1
hi hayete anaa aktaar hekk,1
ya hayete alla y5alilak yeha ya rab ytawel 3omra,1
think hal ma7al 3emil sale,1
raw3a raw3aa zayante walla3te 7afle kella b7ebbik,1
ma darure es2al akid in,1
mhdumi kteer,1
definitely bishuff mal3ab ktir mnih,1
wjoudik 7ayete 5alene etfe2al deyman bl 7ayet 3atane ouwe ta et5ata machekil kl souhoule tesba7e 3ala kher ya 3omre,1
ktir helo,1
habibte inti ah7san minoun kiloun,1
ana b7ebkoon,1
allah ywaf2ik kel khotwe bta3mliya,1
taj rase,1
akid ra7 terba7 bel murex,1
allah ye2wekon yemre2 hal semaster 3a kher,1
ya hayet albe,1
habibi ente,1
yalla nijmeh yalla,1
ta7iye 5assa from lau journalism students,1
100 7amdella 3al saleme,1
dakhl alah jamel,1
y3tik 3afyi sandro kn badi yeha hek,1
ken 3id miled aya bi 3 bent li tol3et la 3andik 3l masra7 bada happy birthday mnik,1
yala jeye christmas mish bas teyeb jibe cell jdid,1
ya reyt teje t7kina lyom mechta2etlik,1
wlek yeslamle ana,1
eh thx 3al ma3loumeh khalas ma lezim ez3al,1
ya rab,1
msh ma32oul enta ya 5aye alla ya3tik 3a add ta3abak,1
iknoww allah ysalmak hayete,1
3a2bel 50 malyon sene ya habibi,1
hahaha skot skot balla may eshouna bs ye2berni kasmo,1
yala nghani yala lel far7a l2ol nshala,1
hahahahahahahha habibte,1
yes3od maseke yarab,1
habibna na3em,1
allahou akbaar,1
happy birthday skez 3omor killo ya rab,1
fekhme ktir,1
ma saffayta hayala kenit exactly 3ala 7affit el trotoir it was the best saffeh could ever soff,1
jamel bi kel me3na el kelme,1
wowoow jamelik rasha habibte,1
ktir helwe hal soura ya nanous,1
ta3a a3teek hugs hebbak,1
hahahhaaha bhebik tez3alish,1
hahahahahaha yaa habbeit,1
ok sha3rik hilo,1
ay 7ad bt7bo atswr ma3ah kteer enta msh damen bokra feeh eh el swar hya el htfdlk,1
min addik ente leh claps,1
fekra mahdoume tbh,1
allah mahabbeh yesou3 bi albeh,1
eh wala ya iyyem fadawi,1
yee ma aghlekonn,1
ma 3ande chak,1
jamalak jamal moush 3ad,1
mubarak,1
mabrook habibi,1
enti 7ala kelo bas 3younik ghayr ossa 7ayet bi kemla,1
mabrok hayati,1
ma byilba2 abyad gheir la amira mitlik ni7na wala shi balaki,1
aywa aywa,1
yes yes ma3karone laban is good bensa7ik fiya,1
shu b7ebbik,1
tal3a la her aunt to2borne,1
ikr ktir mahdoume ana,1
hi jamelik,1
kam anta kabir ya jp,1
ta3a la albe ta3a,1
men keter ma 7beb shakli lyoum mesh 3am eshba3 toswer sert mswar she 100 sowra lol,1
tab marra wahad nem se3a am fe2 eswara heuheu,1
houwe habak kamenn,1
mabrouk,1
fo2 m3addal lhamdella,1
albi mghayar mghara rabi 3emeli ziyara men shamsak nawerni malini harara,1
yeslamle baddo masle7tik akid,1
rah nechta2lak ya ahla 3alam,1
lhamdela 3a salemeton,1
trekne mabsouta sheh,1
ya albe ana,1
wallahh kello tayib,1
ahla shala,1
baheb omre ba3sha2 el hayat not now definitely,1
ya rabe tnajeena,1
hbb ines happy birthday nchalla bhal sene te2dare t7a2i2e kel chi btetmanni,1
nzltn habb,1
ya amira yes3dek allah,1
mabrook zena,1
khalas mtl ma bdik bekun atyab,1
sba7o najwati,1
lhamdella 3a salemita ahla khalto,1
ana bhebikk imy,1
hahahahahahahahahaha khalas bi amrak,1
ma ajmal hal saba7,1
adhak chi wa2ta hada oul le lelloup eno bro kam le hatet,1
ktir bheb eno aana nafs name,1
merci albe,1
alah ya wael,1
ya maleki alf mabrouk 500k,1
rita ktir halwin dress jewlery kil chi zelfa kamena kamena wahdeh nssit issma bas 3ayleta fares,1
yi shou bou mouzi3 mtv mabsout hal2ad,1
ah she is answering meen mekhde meshe tsharafna,1
ade awye hal ghenye,1
chou kyoute,1
yo2boshne rje3et,1
khallina s7ab,1
jamelik lea,1
bhebba yo2borne rabba,1
ya alah chu bhbk wehyet 3youn emme,1
enno ente ktr helwe,1
w2ana metlik min be7termik wo b7ebik kter min hon lal al3a mabytetla3le retweet,1
ehh bas howe ka howe kter 7eloo l2anoo mrtab mano metl hol le abel eshy mesh mafhome,1
3ande nahfete aw2et,1
kebret zghirtnaa,1
edde ryeha lyom,1
kater khayrak,1
hayda fans najwa karam bkaber aleb,1
habbet aviytak,1
ya massi7 allah ysabrik nshala te2ta3 hel azme hala2 7a a3melik website lal tabarou3at osstik ktir assaryit fie 100 warde elik,1
bonjour ya albi,1
yi allah ybarshrik bas leh,1
dakhil li 3emelle missed call ana,1
wel3ani mn hl2,1
wlak enta ahla 3alam,1
albak albak yo2berni 500k yala eja dor lmellion,1
lhawa tayyarni ya habibi,1
eh allah ykhallik,1
7a nseer besties akeed,1
ya hayete,1
abas enjoyy eza shft salmle 3ali,1
ana rajol men dehab mkantar bel elmaz,1
yalla balke mna3mol meeting lal fans 3a sharaf lsett nidal bas tet7assan nchalla shu ra2yik nouna,1
la2 hay a7la,1
enta ktir awe like your outfit and hair btw,1
yslamle li byfhamne,1
marwa ento ma fe menkon aslan,1
ya dellee chou chta2tellik,1
haha hlof akhadna hek soura,1
ktir awieh hl hal2a hicham is the best,1
jana happy birthday nchalla hal sene tkoun 7emletlik iyem 7elwe,1
ma3ak 7a2 100,1
yeslam temmak cheikh mohamad ya reit kel rijeil el dine byet3allamo mennak fachaytelleh khel2eh bravo,1
allh yrhama tkun nafsa bel sama ya rab,1
shu 7elo hal ishya ktir betshed 7arim,1
allah y2awyki,1
ah hek befham eno nshamasna hahahahhahah love you,1
eh eza hekk ma 3ande mene3,1
hahahahaha ahdam 3alam allous,1
your icon omfg hayete ma atyabna jgkanvkaivosjbhebik,1
3ada 3an enna 3asabiye 3ada 3an enna khawta ma be2der eghfa 3ashiye ella ma esma3 sawta,1
natrinak mnatra,1
yeslamle mrawwi2 nchallah deyman,1
hehe ente bala ma t2ouleh befham 3layke,1
tekram wa2t sme3ta lyoum neket albe ad mana mazbouta,1
yen3ad 3lek ya b3ir,1
hahaha bhebik,1
ana b2elik tesba7i 3ala khayr 7ob sa3adi ya kel khayr wl 7ob enti ya far7et aloub,1
bl f3l draset 3 hours lyom,1
yo2borni zaherr ma a7le,1
mabrouk,1
yen3ad 3leik,1
jamelik mary,1
t2bre albe inte,1
aala ayya asas mumkin enni farrit fikii,1
eh meshe hbb,1
merci khaye nefra7 menak,1
mwafa2a nchalah,1
meen ghayra amazing ma 7ada,1
khalas 3refna shu njeblo on his birthday,1
1_ hb enta allah ydem hal m7be 2 thank hayatii ana kamen,1
sabaho,1
hayde awwal sene byemrou2 hayda 3id barakit bet sett kel mech mawjoude allah yer7ama tkoun nafsa bl sama ya rabb,1
merci habibbti allah yohfazek kellek zaw2,1
ana b7bkon,1
ya rabi,1
akidd mneftekher ino 3inna yek 3enna jeish,1
eh meshe,1
hahahahahahah eh mbala,1
betwal3ia wain ma ken alla ye7mikew ya rayt mnshoufik hek be programmes deyman interview hafle,1
ykhallilik emmikk hbb,1
sallem 3aleha ya hawaa,1
jamelik rita,1
wlak min adak,1
ktir bheb nour,1
3njad ktir 7elo w3fawee wmo2aser mabroykk,1
kter lab2en la b3ed,1
bedhak bfez kelne sawa,1
kountou atakarram kawni sabi3a fi lubnan,1
hahahahhahaha yo2borne fossik,1
yesaadler sabahik ahla sabah,1
set banat mashya btetdalla3,1
ktir 7elo hayda nshalla btlbso,1
enty oum misali kul 3am ou enty alf kher,1
rou2 rou2 ma3le awal match ma bada to3sib,1
bhebik more,1
tamnina 3anek,1
ya dakhil allah 3al hadami,1
bannoutetna helwe,1
kalemak jawehir,1
thank uu khaleda hayda men zaw2ik ente kmen,1
khalas walaw ra2ebte,1
yii albe bhebak,1
ik im the luckiestt akid bes bheb tred 3leye twitter benbosett,1
haha hayetti,1
ya sharefa enta,1
ya rab tnajjina,1
man btetekal,1
nshalla dayman,1
martak nshalla,1
are perfect metel ma ente,1
allah ye7mikon,1
amar yobrni,1
hayatim eza r7te be teyeb nom yaleko beke do5ol yaleko beke hayatim,1
a7la 3alam,1
ta3e kol youm ya 7elwe,1
yalla shte2telkon,1
tol ma enti ma3na ldeni btdal 7obb far7 allah ytawel 3omrik,1
hamdela 3al salameh,1
waylee shu aweyye,1
shu helwi habbet 2alwen,1
yu2burne albik,1
7elwe ha,1
merci yaso ykhalilk ahlik,1
saba7 kheir,1
b7bak ana b7bak,1
a7la makan bel 3alam,1
bhayete mesh sehran 3a ta3bir kitabi alla yse3edne,1
yo2borni albekk,1
shu b7eb basatik,1
bhebek 3al 7alten,1
we3ite nanouj yala ta3i chway chta2tlik,1
ya rab,1
ensen tayoub bishof l3elam taybe,1
eza allah rad,1
najwa ya najwa b7ebbik ya najwa,1
allah yaserlak akhi fellah,1
on hayda hake,1
ktir helo bass ma befham shi 3ale mni7 yale fi lyrics tahet,1
ya rab,1
hello elek fa2di nawarti zouz,1
sa7ten dado,1
yii mabroukk,1
allah ysalmak ya rab,1
wow 8eneye romanceyee wow ya najwaa ataltene bhl 5abreyee natren 3ala nar 8eneyee,1
ana asefa,1
bshaje3 fekret mr robot,1
eeh man bkra 3ide chou beke,1
anaa jett chta2ttelik kteeeir,1
aktar fari2 mahzouz bel 3alam barcelona,1
hayete rabbak,1
3m oul mehlaww wejak mnawer,1
bs bi taltek 3aje2tik btnawri albna deni,1
aywaa adoul,1
a7la radd so far,1
aslan ni7na ma mne7dar arabs got talent ghayr kermalikk,1
hala walla,1
3aysheen ya khalte 3aysheen,1
bshaje3 ehh bada,1
haiifa lesh kter hot,1
yo2brne sawtik shaklik fostanik 7esik tyebik sha3rik kellik jawik kel shi,1
bas hol ahlak khaye elon fadl 3lek,1
sar fi bawset,1
habibti souso teslamili,1
bhes hiye fiya tkun ahla em el neon,1
hahahahaha habibi entoo,1
alah yeshfe,1
allah ytawel bi3omrak wtkoun ayamak kelha 5eiw barakeh soha tdalak ma3ayltak bi5ei,1
ya alla mesh ma2boul edde b7eb edde feshele khel2e,1
bmout fike,1
mawf2aa ya amar,1
atyab sandwichten shawarma men 3and kalaa chicken shuf iza bteshba3 la2,1
akidd entee habibitt albee sana22,1
allah yehmik,1
najwa byetla3lii happy birthday ma3 bawsi,1
raw3a ramy 7alka bitjani inta,1
el hamdella,1
metel el amar metel el amar edamha dabou el bachar,1
2nta alf 5er,1
saba7 7lo kifek chta2tliik add deni teslamli ha de7ki btfare7 albi,1
hbbti enti,1
mabsouta aam dahkik,1
hiyen albe,1
ken ktir helo,1
be3tezer menkon,1
khaye mafi ahla mnel positivity,1
salemet albek rayto msh ente,1
ana aslan mel youm b7eb 7ali 3an lyoum le b3do hyda ma fe mena shak bas ma b3rf lyoum 7ses 7ali sexy kter,1
ahdam menak,1
to2brii albi,1
chou hal rouh watanie lyom ya siso,1
merci alla ykhaleeke,1
ya aayne aalekk,1
lek alb albi men juwa b7otkon,1
rez2alla,1
7abibet albi enti najwa kel yom sobo7 abel madrase besreda 3a aghanike,1
ana bhebak ma fi ghayrak byfham rase,1
ys3dli sba7ek,1
ya 7abibetna enti sourtik bi albna wayn ma tkouni,1
thank hbb nshala,1
nawaret dubai lhamdella 3a salemeh albi,1
la btezbat lesh la2 la3younek,1
yi habibi guys,1
kter mahdoum,1
ma fiye ma edhak lama hada y2oul aloou,1
yeslamle l8ala wel jamel,1
ma fi mnik lywam tesba7o 3a khayr,1
wlak ilym,1
hayeteh ente,1
masa elkouloub elsafier,1
ente ahla,1
souk el akel,-1
min bi7eb ymoott ma3y,-1
wallah 3arfe sa7be o5t sharmouta,-1
bezha2 aktar,-1
hayete sa3be,-1
hay sabi mukhabarat bashar,-1
ah er,-1
aashu aam tzambre combination between tzabre tetjawla2e,-1
btkuno mayten la y7kikun shab m2ayan bs y7kikun btsero tetkabaro,-1
kel ma efta7 snap bl2ee hayda hayda msawren ejryoon shft ejreen nos shabeb lbalad lyoum,-1
fi astal menkoun fans ento tansho 3al mawdou3 ma ento bas tkouno 3m tdef3o kel bishouf wl kel bisir ye7ke,-1
l3ama rachid makhloufee ma le3eb hal khota,-1
rkabou la bayye,-1
ma fhmt,-1
ma bred 3le ba2a,-1
eh lakan ma tedhak 3al akbar menkon iza ento ekhretkon tawebzo lal fera2 3andkon,-1
haram heke haram,-1
allah ybdahedlak,-1
boukra adrab,-1
wlk ekhtak aa ekht hal zamouurr shu mz3j,-1
lesh bbalish series ma3 ahle lesh bekrah 7ale,-1
ele se3a natra azan la yeskhon ekher shi byeje khayye byethamam able,-1
hahahahhahahah w2e3et bel mawje,-1
ma bedi esma3 7ada we2f,-1
le ana gheyrane l2n ma 3nde saf 8,-1
rah e2tol hale bc 3ande uni kel yom,-1
he doesnt leh ghalaza,-1
wlak skete ana ba3ed ma sada2et enik msahbe let alone getting married,-1
ya rayt 3indi 1 min 7az,-1
el real el sene zefet hay mesh mekhtelfin 3layha bass el tehkim zalam be ktir mahallet kamen,-1
ma bedi adros bakrah adros,-1
shu ya bheyem,-1
ma fhemet mawdoo3on ilsaraha,-1
seret tal3a 3al jiran li faw2e marten ba3do ebnon 3emil salon terrain basket kif byefhamo 3alam,-1
eh 3njad leh hek sayrin ma byekfe l3alam l3arabe 5ereb bl seyese kamen bl fann 5ereb la wara,-1
khalas ma bda halaad,-1
bekon 3am y2atlo deben wejon,-1
kol khara tedakhalsh bayne bayn qarabte,-1
ma eltellak batalna ref2a,-1
hel2ade wes2in bi swe2etkon la hata you dont even put the seatbelt on and you use your cellphones,-1
kes ekhet wejjik,-1
waja3tile albe khtay,-1
3al fade hal eshya la bi2admo wala bi2akhro,-1
wlek ejre bl hayet,-1
battalit tenfa3 sar badel ma ndawe sham3a baddna ne7rou2 7erech ta nkaffir 3an khatayana,-1
rooh 3a jbeil msiibe,-1
7elo mesh 7elo cz fe nes btktblek eshya btsem badanek,-1
betsha2af bas esma3 9 crimes la damien rice,-1
nafse ba3id 3ane,-1
sa3be ktir,-1
ejre hazard eza tay2o,-1
yaane when youre dead bala tfel7os,-1
hewe talab ychoufik ana bdfa3 3omri bas 2elma7ik,-1
balehon ahsan we ariah,-1
kollo tafnes 7ake araf,-1
wjoodek 3l timeline 7arkashe bokhsh 3alam kella,-1
mnballish na2,-1
inte mashi byez3jek tes meshe,-1
mabyefhamo ella hek smh,-1
kelmet 8byee alele 3alyaa,-1
7atta crush met8ayer sayir khara sho had,-1
bta3rif 7abeebe a7ad btebta2 internet,-1
maqhourin mnil maleka maqhourin sa7 sasso,-1
meshe hal kelshi sa3eb wen ma hataytoune 7a ne2 tbh,-1
taret jabha,-1
kel lfans 25do like ela ana,-1
ma tehke ma3e,-1
3am ekol batti5 tsharda2et ayre bi shaklak,-1
wel jahel le 3am tehke 3ano howe le 5ala yser 3ena nawawe dawle islameye be 3azamet iran,-1
shem la tdou2,-1
allah la yreddik ya wayle,-1
shu faya2ne ana hl2,-1
wlakk akhh,-1
3am tkhounine,-1
kl ma nshuf walad zghir bdna ns2alo shu esmak bi3azblna albna la yjeweb mnmed idayna nos se3a la y2bal ysallem,-1
eza bafarjeki math 3enna btebki,-1
tehkim mahzale,-1
bil marra,-1
me soon arafoune 3ichte,-1
zahhet ya sharmot,-1
wtff khlesna ba2a l3ama,-1
hata hay msh zabta 3ena 3eft alla add ma hawalet kahraba hl2,-1
bendam enne beftah hadees bsir badde red mej,-1
a2alla shi leish min lebis 7elo ashna3 mn hayk ma sheft bas maya sari7a,-1
ma befhamkon wala befham hale,-1
wlak balshiya wle,-1
tab 5lass kele zak d2ne 5l2e,-1
tenzakar ma ten3ad nshalla,-1
3m oul le nkasar 2zez 3nde,-1
baado chob aal kem tawil,-1
lek nhna sha3eb ferkina mshyin fiha eza byu2a3 clown bi id wahad menena haram bi jen,-1
fi hada sawatle min hal2ad byekrahik,-1
ma badon ra3is awi badon tartour,-1
ya haram,-1
dekkentik maftouha,-1
hahahahahahahhahahahahahahahhaa kiss ekht 7az,-1
shaltaf bro bada ayre me min shaltaf emmak,-1
hahahahahha 3anjad ma bestrji esma33 7adi 3alaam,-1
le bala akhla2,-1
mafi wafa,-1
ahsn shi nem,-1
hahahahahah mahek ma btelba2,-1
la haram he slipped mich ha2 3le,-1
kteer 3abele a3ref adde jeybe final bass la2an ma kint derse khsouse essay,-1
ktir dehaktine hye anja2 btasamit,-1
3ayb ya 3ame,-1
honestly have tpc boukra baed ma daraset,-1
usually dont curse in front of her bte2tlne bas eno kenat mer2a sm3itne 3am sajel balashet bahadel and was like,-1
ya allah rase,-1
emmik 3a emmon,-1
ya masha7ar lesh hek 5atto,-1
yl3an manzarak tfeh,-1
ejreh fik shu mjarras,-1
be2raf mn 7ale ugh,-1
ta5antuha eh hyda sar esmo jala2,-1
wle ark ent jebet hal marad el social media,-1
alle ba3d ma3e la bukra bas ken 3am yehkine ka enne etletlo emmo,-1
ana 7azzi ebin manyouki tbh,-1
is3ali chou ma 3ajabo bil mousalaha el massihiye we ley ma indam illa inno manon wataniyine,-1
eh bs la min taraket jalyet rahet nemet metwek3a ejliyon ana ya3ne,-1
aba3refsh ma bado ysalim 3ale,-1
min enta osbaa ejer byenkesiir,-1
emm aletle hterim halak abel ma tehterim ghayrak fa soret elbous cravatte ana 3am bodroba,-1
ino eh shu azdek y3ne,-1
ouff leh,-1
abel la shu hek fi ja3ir,-1
ou vis tu ya 7aram,-1
khalas eza ma rabahuk hal mara mensewe sawra,-1
maba2a tsemini,-1
3atoul behke 3an emme bel tweets lezim ehke 3an bayy emme ktir bet3azzib bayy,-1
mbala do wtf,-1
ann le2o 7al lal zbele nicee bakirr,-1
3a2ases bi waselne 3al sheghel bas kabne 3al tari2 alle ekhod service,-1
ana shajra,-1
ou3a toghlat thke 3an el gays hon wala la ynikouk,-1
hala2 ente 5rite 3al fhm,-1
leish hal2ad mam7oune mouzi3a ktir yay ayy,-1
3an jad ma btkhallo lwa7ad yethanna bi chi,-1
hek besir fi le byeshmat,-1
lak yel3an dina hal international break,-1
bki la ellak bki,-1
ktir bshil ebke,-1
yeb3atlik 7emme we2if albe ana ray7 em7e tweet,-1
bye ma akhraki,-1
khalas bala fadayi7,-1
hahahahahahaha bass nendob bi ni3a,-1
nchala hada le wa3ene bel nachid watane ydi3 be nos bahrouhou la lebnen,-1
kasrti albe,-1
3alam we27a bada tdhak 3layna,-1
hahahaa laych z3ali b2brik,-1
eh momel ma fi ebde3 wala afkar jdide 3amlin clip 7arfiyyan 3a kalem song metel k2n shi walad 3amel clip,-1
ma ken lzim fi2 now,-1
sha3eb mamhoun baddo shaghle yente2ida fi2o 3a 7alkon kess ekhet me7enkun,-1
shob zaha2,-1
hada yeje yef2a3ne bi shi tanjara 3a dmaghe,-1
100 heye 7bet temza7 m3naa bas fe nes ma bylb2laa,-1
fiye ente7ir,-1
lezim eksor shi,-1
seret tkraho,-1
lra2is shu shaghlto bel dene yzabet mashekil lmuwatinin ana muwatne 3nde mshkle,-1
baleye ya shramit,-1
ma t7ete ha2 3al ta2es nahna jil ma elo jalad 3a chi ya3ne hala2 mne2oul bade balech sport betrouh la ba3ed tlet techhor,-1
ktir ma bhefham eno mabhouh sawte aalam btesaalne wen rah sawtik mean,-1
nehna kelloun byejo hamir french english,-1
kes emmo,-1
hay bel mansoureyye a5 bs shefta bkeit,-1
badel min mekhdeh baddeh ello la wahab men mnefkhak,-1
eh plz rassieh ntek ekhta el siyara,-1
shu we27a,-1
ayre bi li fehem,-1
la wlo ma 7abbet bi sawa ino men wara 5abta zghiri reje3 yshuf hek pure film masri walaw,-1
mesh 3am bshba3 nom,-1
tkheyale daye3 wa2te 3a hablet banet shabeb 3ndon na2es 7anen kabet jense,-1
n2ebre drese macro,-1
ana 7euli ma b7eb,-1
7ywan kalb,-1
ma 7ada fehim shi,-1
its official 7a a3mol ra2asa,-1
3emellik shi ana la awwamte el mawta men el 2bour bi hayete,-1
metel ma na2i bil nafess taba3 m3almak mikati khalo daech bi lebnen,-1
3enna 2awsa5 bro,-1
kello 3emel black friday ana ma ma3e lira emshe,-1
shu bt lett hakke,-1
haram diana haram,-1
bi adouwa sarcasm ma bte2bal tkoun mom tehtam bi bayta 3ayleta hiyeh aham mn hek ba3den bi sir badda tbakkina 3a 3id om,-1
shouldve mentioned enak beyekh kamen,-1
badde mout haha guyz,-1
shu 3amlitla enti 2ooli mesh tal3ini swad wej atla3 men taraf ghaltan,-1
christelle ta3eh ejeldik plz,-1
se3a typing ekhir shi ok,-1
ma3ik ha3 bale we bala sirto hal koko,-1
ana hole ma bhebbo,-1
er,-1
kim kardashian sarla chi 2 weeks mech tali3 7esa hasset fi chi ghalat since byefel2una fia 24 7 usually,-1
ya 7a2ira,-1
sedi ne3ik,-1
bzejjik ffs dont want to know shu 2rita,-1
el 3ama,-1
inno 3am tethajamo 3layha le2anna gay omg shu homophobes ste7o,-1
ahhahahahaha khaliyoun aal,-1
erfene hayeti tanen taleta orb3a khamis jem3a sabet skl tab ma haram zelem wwala,-1
ya ret fee shi benet mlaz2a 3laye mtl ma hal barghashe sharmoota mlaz2a 3laye,-1
ekht aalam man,-1
kef badde ou3a 9,-1
be2tol hale ana iza wosolne hal2ad vns,-1
yl3an 3ishte shu enna hlwe,-1
wlak ayre hal nhar,-1
shayfa lkol men wara nadrte sayste ene ma rodesh 3al kaleb,-1
1 ma da5alak ek 2 ta3a ta3a,-1
bass nehna boutit maneyek,-1
wlih 3ayb,-1
hahahaha 7elle 3anee,-1
hahahahahaha mawatetne,-1
ya ret tetskar saf7a jakra feyon,-1
nezlo banet daynayeh,-1
rje3et 3al bet el wade3 araf lol,-1
la so2al bl kaber wala she ticket mobasharatan 3a jhanam,-1
eza ma3ik microphone leh 3am t3ayte,-1
plutot cha3eb mech mfakkar,-1
kiss ekht enseniyye aa ekhtkon wahad wahad,-1
3am bet bat2o connection abadana ma mna2mil chi hek bro eben khalte 3omro 10 snin bya3rif eza speed bati2a aw la2,-1
mabade jem3a,-1
lak haram wahad you3a ba3ed daw ma tele3,-1
dam3a elna lfar7a lal nes,-1
wle ente fo22 mfakretik bey,-1
ente law chu ma 3melte ha ysir eendik diaree,-1
fel mn wejje,-1
hahahahahahahha zahhet,-1
your avis daya3oule hayete leh atshin wej ba3ed,-1
kteer 7elo emrad halla2,-1
hahahaha elle byed7ak bel awal byekbe bel ekher ya zebianos,-1
kif elik 3ein tou2afe barra natra wahad wen karamtik khalli houwe yelha2ik,-1
from la albe yalla ta3e to la tizi la terja3e real quick,-1
al alile 3terefle bel ebde3,-1
hahaha bro mentek wade3 have class on saturday bi jbeil,-1
dons positivity bta3mele ala2,-1
mbareh elna ma ahdam lyom ma eedna nehdema,-1
ma btmshe iza kna ktar,-1
ana ejer kerse,-1
ma a2l2ama,-1
elet badde rayyih 3youne 30 minutes ta oum mnashta rehet nemet se3a nos,-1
yii btsbe ya32,-1
eh kenet latsh,-1
hahahhaha lk yaro eskete ahsen elk lano menk adna ente,-1
bess el chaaer aal kess byaamol eltihebet,-1
balash doudit lared yetfalsaf,-1
same high five he is ktir ma bya3ref yhke ma3 el nes sarle chaher mwa2af 3andoun bas lyom t2akharet tdaret soff 3ando,-1
ya kalbe,-1
wlak ejre bi 3nedik,-1
al fahsha2 ya3ne bekyo sawa fa7asho,-1
lesh shu howe le 3am yt2dam 3ana 8er t5lof jahal,-1
bade ohfaz lkharawet li mwaslin sot lnadbiyet 3nd allah,-1
eh ma3le yen3an khelftu 3atle,-1
me im bored mum emshe nroo7 dt me nah mej ktir ta3bene,-1
kouli khara ya ga7ba,-1
akh rase,-1
ya kalb teffeh,-1
keef el 3alam ela jlede ta3mel hek shi,-1
la7 ebke,-1
toli3 daghte,-1
sorot kel ma a3mel machrou3 a3ref eno ma ha yezbat,-1
fi 3alam we27in la daraje,-1
mom ente law bthemek emek kenti khelastili hal marhale men zamen me meshe mama,-1
nehna kess emna,-1
msh mante2 msh 3adel ana ja3en,-1
yii leh ma hkite,-1
nshalla ya 7mara,-1
fekko 3ane bseb lse3a li rej3t fe2et fiha,-1
le mhda lekesh ba2a,-1
ma ktir habbet enno 3am tnazzel souwar ma3 gjer banet,-1
3anjad ktir tali3 besh3,-1
lah tbayne el layle walla lasama7alla,-1
la2anno shakhsiyte aweyye jezzebe 3asabiyye e2touliyye betdammir meen arreb 3layye ana jeye ghayyer 3aserko ana jeye 3allemko,-1
want enik tekle khara,-1
bkel saf aandak hol telmizen li byetfashano oulo estez ma baddak tsammi3,-1
eza za3ajak shilo,-1
ehden kelo khara,-1
mana ma3roufe chou nsina,-1
ma ahbalik noway,-1
mom aamlet custard ma byenbala3o,-1
ktir chob,-1
hahaha ya zalame el lebneneyye yalle jeyeen 3a lebnen e5er el sene ma tay2een 7alon,-1
3a2ases enik bethebineee,-1
eh soukhafa la2an kelo te3weye mesh aktar lek sa2at nizam wow so much freedom fi2,-1
ide mejwiyin rihto hamburger 3a djej,-1
hahahahha kess ekhet hek dawle arkhas men hek ma ba2 fi,-1
emme betwaterne bas tkhallis cigara twalli3 tenye,-1
bass ya z2e2e,-1
3ajabik maskhara iza la2ayte hrisse ma tense tkhabre,-1
lee 2atesh rassak ur avi on snap ahla soura,-1
shu ene msh tay2tak,-1
shu hal tafeha,-1
fucking hate arabs yal3an se3et el rjel el 3arab kellon,-1
fhemtak ghalat,-1
aam bebke,-1
leish hek fostana yii shou he,-1
la2ano ze3elet ma32oul balachet brevet hiye ma 3am bta3tine push,-1
no ma btetkharaj,-1
ndabbe wlak,-1
2a3de bi usa ma 3ejbik,-1
yekhreb baytoo li ma bi7ebek,-1
nshalla yto2 2eeda,-1
shes so pretty la min enta tali3,-1
7assesne ene r5issa,-1
bendob hazze,-1
leh 3ndik scarlett didnt share it ma3e wahyet alla tama3 msh ma2bool,-1
wajja3tile albe,-1
ma bti2o,-1
nicolas khalas ba2a,-1
ma lah2t tsir,-1
law btekle khara,-1
akh ya albe,-1
ayre bchaklik,-1
ya ekht shlite,-1
ana basle,-1
too late now akalna il darob,-1
sad2ini mahada mab3uss addi,-1
batalte thebbine la2an,-1
skete wli,-1
5las 5las,-1
3ayashen baddek jarreb rennik 3a khel2tik menshuf,-1
wlek kel el vidoes 3am tefta7 ela hayda fuckskkajajahhaahhajajnaab,-1
mkhalfe ema nesyita ana _,-1
you know wad3 fucked up bs ykouno se3at supp aktr mn se3at original schedule,-1
leiikk ta3ab kif bikoun,-1
hayda akel 5ara,-1
ehh 5afe men le baher le hadee,-1
hol bl aber basame3un lal mala2eke bokra,-1
abcha3 chi eno ana bi lebnen ma edert chufik tab kif hekk walla mch 3adel,-1
ya nawalo la72eena bl sabe 7ayru7 ben edayna ya delle,-1
maba3rif bfout ta ekhod attention byeje byesr2o menne,-1
ana farah inte shu 7asharek shu dakhalek meen ente aslan meen mekhde,-1
oum ba2a arna2out wle habel,-1
ma byetla3li eli shi reply bwaje3 l2alb,-1
ya khayne wen yale bado yekhedne coffee date,-1
jeybine men tiz daw aa hal uni kermel nehdar movie wowowownahww,-1
raho kel my followers followings ya hmar,-1
so2al bass leich kel nouweb wl wouzara wledoun 3eychin barat lebnen jaweb bassit la anno 3erfin eno lbalad ma byen3ach fi bas lal naseb,-1
ta3e la hon shu badek fihon ho 3alam feshle fute neme your health is more important,-1
sorry bas ktir beshi3,-1
ba3d ha nesma3 chi nhar btala2oun la fadi carine lama tekbar lkhasseh bi rasa la carine,-1
haram ma yerbaho rso,-1
ma fi akel ma akalet bel bet,-1
seret ekle 100 msabbe until now min my classmates henne hameer sad2o kil shi b2oulo,-1
ma fhemet,-1
lesh lkel ya2sen lyoum hayda le 3am y7eb hayda za3len hayda mkt2eb shu fe shu l2osa,-1
leh 3mltele block 3al whatsapp yi min mfkre hlk,-1
wlo wlo sayir ktir maskhara rouh ndab,-1
3alam bala e7tiram shu bdna na3mol,-1
her ya mami lemnih enta ma3e ramy bhess ken ghtasabne law lahale me ma te3tale ham ken bas arrab chef chwerbik harab about last night,-1
ho ajenib kellon hek ma byenwasa2 fiyon,-1
mich ma32oul ghalazto,-1
baddish bsa2i3 ma3ke skhone lawahdik,-1
eza ken ba3ed fi iraq rahit,-1
cyrine ma32oul hek ma bt 3aydine,-1
ayyr 7otto captain kamen,-1
hekmi ma kenna nefhama,-1
nshala ytojo rason ya rab,-1
samer btentek ad 20 yom bel nhar il wahad,-1
3le2t ye3ne,-1
ma haida yelli ahiron el mousalaha,-1
leh we3ye bakkir,-1
that moment lamma te5od phone 7ada t7ot sourtak profile 3l wtsp taba3o bala ma y7es,-1
wtf sara2o kim kardashian bye7ko fia ka2ano its worldwide catastrophe aw chi,-1
fi 3alam shakla ka kleb ahla,-1
di3anak tkoun bein hek orta,-1
oksem bellah 3alam fadye,-1
ktir 3ende eshya to do,-1
fi 3enna m3almit english bel jem3a mafi ahmar menna,-1
yelli bi khoun ma 3indo rad,-1
aka khara,-1
lsadaka mesh hek tfeh ma 3refet rabbe hek ekhrtkon yi,-1
musta7il security shu bi7ess e5er hal lel,-1
sheyfe shu 3am ye3emlo 2raybek,-1
ma ajlatoun ma as2aloun,-1
ffs ejre sakhefet e3lem,-1
ya hlefo baddon yuttala2o le,-1
farid ana mesh merteh,-1
ma t2ule la rima ma ele jalad shufa,-1
ma khassak,-1
la2 mesh ma2boul ade kenet habile mabsade2,-1
hahahaha alla yjarsik,-1
hahahahahahahah msh tabee3i walla,-1
hahaha allah yestor men finals kamen zakartine bshi ma habbe etzakaru haliyan abadan,-1
feyi2 zah2an,-1
azar ghadar,-1
lakad zaheqto hayate,-1
yi maaoul,-1
yi tfeh,-1
cant remember wen sem3eta elei men mbere7 3am mout ta etzakar,-1
tash sha3r badane ma tes2aloune lei,-1
balshna t7or2os ana wala bas men,-1
as3ab anwe3 l3zebb enak tentor reslee men 7ada,-1
its nezlit dame3teh,-1
ejmelan my future house haykoun 3ibara aan mazra3a,-1
ane hole ma bhebbo,-1
iza ma ija pogba kteer 7a nitbahdal iddem lnes,-1
yo2sof 3omrak,-1
ma khassak,-1
al shaeeb meell wa nezam al kalb meell ma lah yet nzaal an hukum ella be daam,-1
nzlte soura bel 8alat waala badik ta3mle balbale msh 3arfe kif 5sous eno ma hada lakshik be ekhr clip song,-1
leik fostan najwa mtl ka2anno jeye mn bele law msh ma3moul ken a7la,-1
badde ed3as bi albik,-1
mhayaj 3a halo,-1
fi 3alam mabyefhamo 8er li badon ye,-1
ya ma7la 5asse eddemak,-1
bi 3omre maneh ketbe 6 saf7at history bi fahes mafroud ye5od se3a wahde 3ada 3an li ma la7a2ton eno wtf,-1
ahu khas tozz bi mar7aba bas lol,-1
ana lebis kem tawil dont ruin it for me bebke,-1
kel jehel bi oulo hek,-1
kabrani 5assi rasek basita ya may hariri,-1
sha3eb tefih mam7un akill khara lal saraha mane metfej2a,-1
ya alla fadale drs trikh,-1
ana lesh bedo yhemni ra2e sha2fet zalame ya3ne,-1
kes emak,-1
ana beje bne2 bfel,-1
waselaa men abel bas too bad ma 3ende hek chi bi hayete,-1
5las 5lass ana y2st m3ash n2shak bel mawdo3,-1
maya diab yel3an arafik,-1
lesh on twitter rouhe drise,-1
mahada bihebak,-1
sa3at mnt3raf 3a nes mnendam 3alyon b3den,-1
1 b7eb enak tekol 5ara 2 18,-1
ma fe wafa,-1
aasabetne badel ma ykun hadafa shhede hek aam tetsalla lol,-1
l3ama bi albo wi2am wahab shu razeel wate bi ta3abiro,-1
hahahaha walla mafi gher allah bifaye2ne 3a saf 8 bokra,-1
what the fuck is he still writing the son of bitch wlek l7adak de2 5el2on menak nezlo la ta7et,-1
msh 3m fini etnafas ah,-1
wlak khalaas,-1
3ala em em belelah embelelah,-1
ktir faj3ane,-1
leh ktir agressif ente,-1
3a fekra ana le s2lt tene so2all asefa byee,-1
allous leh ma bt3abirni,-1
lek la2,-1
eno 3enjad shut the fuck up lesh hek msade7 7alak,-1
haha ze2 mratab allah ykassir 2ide kif ken elo aleb,-1
di3an lisse li 3melto,-1
ana m2adiya akel khara kel sene,-1
swear ino batne bta3mel aswat gharibe hatta iza ma kint jo3ane metel ka2an fiya shi jerrafe,-1
ntebhe treke telephone mn 2eedek 7ob ma byenfa3ek,-1
la7za ana betzakkar alit eno deghre b3d lmidterm fi quiz,-1
bhes sawte zayzi2,-1
nicola khalas bala habal,-1
wlik ya mado leh m3asbe li bado yez3al la 3omro eza byerda,-1
ya chou kalb,-1
rahet 3layye lbarme,-1
maba2 fi oxygen bel gherfe,-1
zhe2et n3eset,-1
wait wait wtf hayde lezm y5do wleda mena lt7es lfte2 l3ma,-1
leh zeyid mehen 3nd banet,-1
tiza akbar men hayete,-1
2al shu 3inde 3 tests bokra hahahahahahahahaahah sayer 3inde raddet fe3el 3aksi,-1
yekhreb baytak,-1
lk okay bas eno ba3den haj yechmato fya first teneh chy t5atto ossa akaleta benet khalas,-1
shame nes bala mas2oleye,-1
eno joke sarit men3ade 10 time walla battalit mahdume,-1
mshi in 5 mins bala na2,-1
ma tred 3leh shu bdak fee,-1
ken 3a asses mkhitaryan assesse bas riji3 ba3asna,-1
for real eno singer shu bifahema bel dance masalan ktir rude judges msa2din haloun,-1
akhh ljala2,-1
yeb3atlak az3a ya ma2zou3,-1
telephonee dal dayi3,-1
chou teskir tor2at boukra,-1
ghasben 3annik taher,-1
ra7 jen ta3e whatsapp,-1
mesh masmo7 omg kef hek nes feya tkon,-1
just bc no one likes you doesnt mean we dont like each other za7et ya makyood,-1
lak mch eza ghannet karaoke yaane seret singer la2 mafik thot singer bel bio la2 mafik tkoun singer bala album la elak,-1
killo min wara noor,-1
wlak akhh,-1
bta3tine free ticket la 7aflitik ehden 6 august bass ana plz im poor,-1
zamen ma shefti my tweets za3lini mni,-1
sarmouta law ma ma eemil holik sah kenet bos2out,-1
ma tred eh,-1
hlefe meshe ejre fiyye eza ba3ed bred 3layke,-1
todays highlight m3alme la2atet rashetat ma3e hatetli sefir,-1
shou alla jabera julia tghane hek gheniye jawaz bento,-1
wle ma bi oulo elle ma arrach la feuille la pute bi oulo achatetne el war2a bent el ahbe,-1
inta el hai3a ma 3indak wala chaghle wala 3amle gheir thejim el tayyar hal ad ahirkom walaw ma b3ilmi damnina la el ri3asse,-1
fe menon mo2rfeen,-1
keerh 3ama,-1
wali badel ma yuja3ek albek 3layi eno dekhet cause m3asbe 3njd shi arref ha,-1
lmsibe idk hek faj2a besma3 shi ta2 rihet 3wis tol3et,-1
alla la ywaf2ek,-1
ente khaza2tine,-1
hyte ily kss emo li b3d byhkike kelme,-1
chou assye ya jenny,-1
khara kele khara,-1
t3alem 7aseere 3a jnebak,-1
me3ze betsou2 ahsan men nos lshabeb llebneniye,-1
lesh 3atoul mejj ana,-1
3ama bi albik kanno sa7i7,-1
hanekul hamra aw goal halla2 betshuf,-1
laeno ana ma na2sne ella punishments ta tekmal maae,-1
3am ebke,-1
er heyda int,-1
ah baad aande homework helo ktir,-1
bala mazeh ana ktir fawdawiye,-1
ma b3rf 7a jen jarbt tele tene layki shu 3am y7toli,-1
fellaini kess emmak,-1
kente habbe ymout eh,-1
bas wle haj tne2,-1
trekine bhale,-1
aswatkoin metel hayde ljorsoume bel di3ayeh,-1
tkheyal bro beseer wejje asfar akhdar,-1
madame 3afafe kam croze dekhan betdakhin,-1
wer shufi fare2 ben souware hon on instagram,-1
oulila tentebih menne,-1
tell your girlfriend or min ma kenet to stop stalking me ma 3am bemzah,-1
sha3b ma3ndo tv,-1
shu fahamik ente aslan lucho knows better,-1
ma fee noom ba3d lyum,-1
mbala jala2ouwa kataro,-1
fala2o samena fiha ma eshba shi makhlou2a,-1
iza mfakra rah eskot betkoune ktir gheltane,-1
lah ya khawta,-1
balayte halik stofle,-1
mom wa3etne mn half an hour saying yalla yalla sarit wasle o5tikk guess min ba3do a3ed nater,-1
lech chou fi tuesday ejetne 3azime 3al bay from 5 ppl bass ejre bhal nazle,-1
pls ma bade ohfaz histoire,-1
shu bek jele2a ktir hon l3ama,-1
hi ladies mj bi charafik abel hal daw min we3e aslan wlik min wen betjibiyoun,-1
lashou 7ayetik,-1
msh jeyine nom chu ba3mol,-1
3ebb 3eb ya homentmen 3ebb,-1
inte shefte razele wil en7itat bil comments,-1
kol hawa ma thes tene marra bted3af see,-1
iza bmout bfee2 3a sot ahle er khaloune ghammed 3ayne,-1
ta2shine fa2shine metel 3elke f2a3ine,-1
ma fi youn massari,-1
dehek aal d2oun,-1
tla3e la barra,-1
ya batil,-1
fine ed3as 3a wejak,-1
rayta tefta7 teezak 3amood kahraba,-1
mama feeye roo7 bokra 3 sede nee3ik el sayyed 3am yehke,-1
ana bkhaf not men telit darje baad badde aamel skydiving,-1
ya akhou charmouta,-1
eh ma ana ma be2bal ekol mn id min maken,-1
fi my cell ma ymout la2ano 3eyzeto,-1
ktir helo tonchohit mn sahra aal 1 30,-1
bade baze2 3a emak,-1
hahahahahaahh tab walla sakatet,-1
khalaass ma ba2 tsebbin,-1
la22 la2 yaa allah,-1
aam ebke,-1
43 fee minon klab bye3emlo like mish mutuals,-1
yalla wle cr7,-1
enne ma sfa2et nap akhou okhta,-1
manar bt3esh la tnakked 3enjad queen bl nakad,-1
eshbak she enta shu 5as najwa kent bt2sod she ento fasrto be she,-1
fellainii yel3an toulak,-1
no way ktir z3elet,-1
ah 3anjad btekrahne,-1
3am t7ko 3al nes men warye 5awana,-1
adeem kaman,-1
msh 7adero,-1
la walla emme ma betkhaline a3ml,-1
ma fhmti,-1
el masi7iyeh el koffar naza3ookeh,-1
eno ma tfafa2to lei eno shou la7n shou kalem ana najwa ana akid no imad ma3rouf be kalemo al7ano,-1
shu hal jala2,-1
ma3sh tfarjine a7san ma errekib jarime,-1
sho he shou hal barme besh3aa,-1
aslan kel el rjel metel ba3don chinese women daya3et jawza noss 3aj2et el sin,-1
ana beshehad beje b2ela she 7elo btotr2ne kelme add rasi,-1
khalas ama ktir mhattame haliyan,-1
ste7e 3a 7alek seriously,-1
parents be like ma 3am bejbrak bas baddak te2teni3,-1
w7yteek ma she 3am bed3af bala sbab,-1
wlak l3ama ma asmakak thanks bro,-1
tfeh no,-1
ma al2amik,-1
lyom ma re7et 3al madrasi laen 7assi enu fi barme nchala,-1
byeklo bi kel me3na kelme,-1
leh 3am tetla2mano 3a ba3ed,-1
bas nkon 3am n3mel 5ota bel ser faj2a nenkmash allahim ya rabi,-1
bihot addoun physiotherapy,-1
hahahaha bas walla ma 7syt 5arj,-1
msh tay2tne,-1
tab ma jou3 kefir,-1
70 slides to go abel bukra ma baaref aan chu byehko tbfh,-1
7ayetna sa3be 3anjad,-1
ma ken kezim ykoun fi maderse lyom,-1
walla bte2balo aw la2 ana badeimza7 iza fi kame3 lal houriyet ana benseheb ma 3ad bade ishtiki,-1
fe ness metl el laz2a mesh masmo7,-1
3am es2alo leh hek lnet m3afen,-1
ma al2ama,-1
wala ma am efham,-1
yoo chou ma fi 3adel,-1
ashenkon feshlin ma bt3aemlo shi,-1
aadik el jardon,-1
kele ayre ya ahbe,-1
noway adde sundays zah2o,-1
msh ghalat just double check cz rasamto for to use it as sketch msh to2se laser rayton y2oso lsenek laser,-1
ayre bshaklak dude ma kenet 3am ba3rif o2ra add ma was hungover,-1
tayeb wont asallik marra tanye,-1
ya ret ykon kezb,-1
chou sa2il,-1
ktir b2oul albe khalas khras ntek bas hada yzet nekte beykha,-1
fini efham leh bukra mush 3etle,-1
ma aam yusal dm ba2a dk why,-1
yslamli ghalat ouli nseeti password eltellik ma tsakri,-1
alzheimer ya rab,-1
lak ya di3anon bas hasra bi albe kl hal jnsyet nchala ma tetlae bi rasna jensye souryeh yawman ma,-1
ente bl zet skete aktar wehde bte2ra between the lines,-1
akh ya ller akh,-1
please oulileh enik eltilo eno ma elo ma3ke,-1
hahahahahahahaha kess ekhtik,-1
whos this person le mfakra hala mahdume,-1
ya waylah,-1
la ayre bas ma bsaddi2 rfee2e sakarje,-1
bala manyake 5,-1
he said awal mbereh ma t3alo sot lkhara fi 3alam btontuwish,-1
shdne bsha3re w2lle ya 3ahra,-1
ma tenz3oha,-1
akaltak ya khara chakheytak men wara,-1
3g wifi hal balad ma elon 3aze,-1
albe ana b7let 8aram dayeb men lahfa 7aram,-1
ana saraha ma bhebek anw,-1
leish hal2ad 3m t8ibe walw,-1
boukra choufe chou 7a a3mol fya bas tsoum rou2eh,-1
yel3an omm gender ana barrad,-1
ken lezim saker lbeb bi khel2eton,-1
ma hada bystehil,-1
ma fike ta3mle fina hek,-1
5lsna ba2a photoshop photoshop 2rfna l3maa,-1
ana last week shu eltelik denya wasayet,-1
bekhsous waja3 ras 24 7,-1
ghire ghire ghira,-1
ma hadan 3ajiz ghairik ya paula yelli mfakra halik chaghle kbire nihna 3ina rjel killon karame ma bi yizhafo mitl tayarik,-1
badde nattef hale,-1
wlik bass bass artinkon 3 0 2 1 edem kbirkon 3 1 1 0 bala ma nel3ab nem ya sabe nem,-1
shu hal haz haydaa ffs,-1
kelon bech3in kelon saabin el hayet bechaa khalas,-1
ya dele ana ana 3ala sere albee ra7 ma b3rf shu momken 23mol bas le b3rfo ene bjeen,-1
maba2 yaarfo yrouho,-1
nefse tal3on men 7ayti bas lawla l5bez el mele7,-1
t2asart sar7a 3anjad akid nes li bel clip 3anjad ma3oun cancer msh ma32oul ente bel clip 3a tabi3tik b7ebbik,-1
hasse 7a tijine dabha,-1
3am bekraha,-1
tfeh bek she la2,-1
bedde edhashlak el emo phase bi kissak,-1
min min byekrahak,-1
eza hmar fa bfadil ma jedlo,-1
mish 3am ta3ref tekhlas el lista ma3 benitez,-1
hal 8eneye romanseye wa2afetle albi men hala2 yoh,-1
na2esne hanen,-1
shideeleh halik ya shlike,-1
bedee3 hob snen,-1
ma 2deret,-1
like wtf 3a ases kheles,-1
manne 3arfe iza bez3al aktar 3a joelle hatem georges el rassi aw brad angelina,-1
t2bre 3dame,-1
tab enta sar fik tekol khara tsaker 3al mawdou3 pls thanks,-1
actually look really really bad rn 7aram yali ra7 yshufuni,-1
dafa3oulo irchen ta yihejim el tayyar haida wahad mourtachi,-1
me tayta ahfedek mjenin tayta ykunu mjenin wala ykunu mjedib,-1
mahada bedo yotlae ma3e bl siyara hahahaha,-1
tol3itt miss lebanon btaariif tedhaakk,-1
wallah aazim kaeno eeyshin sradib mnetna2al aal jmell,-1
hattemne eza badak,-1
alla yerhama hades,-1
is3ali wein ken lama keno chabeb el tayyar 3am yeklo atl we yotahado min hal ta3m el syesi,-1
man furious wlak shu sarla 3alam,-1
mosso ayre,-1
halla2 baaden bet shufo video lebanese memes kel 3alam aam tehke totmaskhar 3layon disgusting,-1
ktir meze3je kelmit oki ktir yaane,-1
ma badde ma 3abele,-1
wlak kes,-1
alaba hmar,-1
nakarado kelo fet be b3doo nesween yok,-1
1 kol 5ara 2 _ eza she mrtab lesh la2,-1
hahahahaha man mech ma2boul ra7 ebke fakkaret zabbatouwa awwal chi 3emlouwa adrab click baiting the shit out of it,-1
bnoss baher bkebak,-1
emme betdala 3m tsem fiye t3ayet btrj3 bt2ele le bedalik m3asbe ah walah,-1
bade neek rabbo,-1
kel hal tefeh mbayan ajnabeh men lame3toun,-1
fi tari2a fesh fiha khel2e gher l2akel,-1
kayr,-1
kenna nsoff bi 2500 mn 3 4 snin ghallouwa lal 30 mn senten elna okay bto2ta3 now 3emlouwa 40 zaber,-1
lashu 3eeshte,-1
lol ma fhemet chou khas tho,-1
hahahahahahahahah kel lwa2et akhou chliteh mkhaba wara la3ibeh fe2 ychaji3 ljoumhour y3ayit la arato nahswh,-1
no tfeh tkhayale dayen ba3ed,-1
ma elo 3aze,-1
bil na3is wahad wala bi adim wala bi akhir,-1
ma al2amak,-1
kl w7de 7atta dont work im princess bshaghela bl 3tele,-1
kello bi wadde aal bekeh bel ekher,-1
battal fine entor khls lzm etla3 mnl uda,-1
kel shi bhal balad mafsoum,-1
ya lateef allah la yewaf300 shou hal nezaam katell,-1
match guellal bass bala atleh bil ekhir isa khsorteh hahaha,-1
nshalla bi mout li be3o,-1
msade2 khara,-1
ma t7attemla a7lema lal benet smh,-1
ya allah lesh nazalit hal snap lessh,-1
haram baba nsadam,-1
ley kel hatache2oum,-1
byentek ekhtoun la yerbaho lsiyara bi s2alo marteh rita ma tkoun,-1
akid fake,-1
ossa eno alabit manyake hahahaha gotta love me,-1
sayra sa7ra2 ya zalami,-1
leh ya hmara leh,-1
yes bekon both jala2 and mo7in,-1
ana hek sheft ma khasne,-1
ma ntabahet,-1
kel bech3in 3am sahbo 3alam helwe ella ana leh,-1
tab eza kel marra mnmche abel wa2et kermel ma ne3la2 bel 3aj2a leh sir fi 3aj2a,-1
ma fi wafa,-1
hlmt eno aam ebke mnl ta3ab,-1
hyda eza safrna,-1
rita tokhlas hayet lzeft hay sour kalb ba2a,-1
batti2 faster than this tabarja,-1
tjawazti hdudek,-1
shu 2oset kel ano hene hulk,-1
bel neheye hawde atfal msh zanbon law fi dameer we3ee,-1
lol lesh men sem3 be albumaa fashal wara fashal,-1
keef waja3 ras ma3ek today,-1
tfehh hahahahahahahah,-1
law fer2a ma3on bi oul wahad,-1
tab n2el3e btehzeeb 3am bedros,-1
5leha 7asara be albkon tnytkon,-1
kteer betawattar bas koon aam edfaa lal jemaa online aashen bhess ha y2orto aaleye kel musreeyete,-1
reem ya kalb,-1
alla la ywaf2ak,-1
noway chu bhesso hal nhar ba3sa,-1
ou3a te7ke hek eddem 7adan,-1
hay khiyene ana law badelak mabe2bal,-1
lesh ana ba3dne feyi2 lesh ma khallasit my assignments keef ma la7azit enna 12 bellel lesh ana hek,-1
brb rayeh kasser el siyara bi tabbet el hara,-1
ma yet7addo real madrid bedmanlak el botoole faree2 mor3eb,-1
kollo akhra mn ba3do,-1
mesh laykoun 3ena internet bel awal,-1
eh wallaa la2imi wloo,-1
er leh byes2alouke hek osas,-1
report alla yekhdak mostafa,-1
ha tn2ote3 lkahrba,-1
hara2o dinon,-1
3ayef allah ma fi ashl mn hek la elon,-1
shu hal kezbe hay,-1
l3ama albak sahih,-1
hattemne eza badak,-1
kol khara,-1
y3dmne 3ezrayeel,-1
ref2a btethawal la hob kol khara,-1
sadde2ne bekhaz2ak,-1
kiinet bi7daro bas m3 sitti bas mish 7elo,-1
11 11 plz e2dir nem,-1
ma tafa2na hek,-1
hes in jo sho bedo yjebo lahon,-1
lesh ta taamloule unfollow wle,-1
layki lama teb2e te5de block men najwa ma tejee tetbakbaki la2ano ma 7ada 7a ytla3 fekee,-1
lah ya 3amme,-1
yala nshatteb,-1
lei ma hada binem wehyet alla ya jame3a kid bet2oumo sobeh,-1
al ness betkhaff mnel canard hiye shakla metel lba2ra,-1
ana fulla fe she nkasar bayntna sobtona bek 3en wala,-1
ayre bel habal,-1
ma ba2a fi mahallet,-1
ktir ta3ab,-1
okay ma ha etghazal ba2a,-1
wlak oumo kes,-1
tkhalinish seb el aalam kella hala t9awme shaab alla aalaye khalas la shia la masi7ye la hada mabade hada wlak mahada,-1
ha22o shu befahmek,-1
yi bass shou sarla,-1
law bten2eber bet toll 3alaye bteb2a,-1
kenet 3am sawro eja laza2 wejjo bel cam,-1
as long as ra7 tdall terkod emmak warak ttaffe tsakkir ma ra7 yemche l7al,-1
yl3an hazze,-1
aam baamil hayde indomie li bteje bel kebeye hasse ha totla3 shi ktir fashal,-1
waata tkune tkhine bi2oulo yi leh tekhnene waata ted3afe ktir yi leh daafene tab eno er thakamo bhayete,-1
el hale ta3bene,-1
know bas awal game it was fine ma fi spirit bil marra bl team hayda chi wadi7 ma bada tnen ye7ko fiha,-1
chafic fee 7ada mayyit 3al kanabeye,-1
lak aire bil niswen shu hamir,-1
bas ya ahbal,-1
ma b3rf lesh hek ness mn3tyon ahmyee mn5lyon ytl3o 3a tv y7koo yn3mlon 2eme l3ma mana zbelle,-1
ahla shi terbih ljmile shubbi fahmik ente,-1
hay awwal sene bonsah,-1
ana za3lany kter konit dayman toktobly hala2 batalit t3abirny inta bta3rif ady b7ibak ya 7ayaty bmot fik aloby,-1
yea just told that khalas ma ba2a bade,-1
ya atil ya ma2tul,-1
her voice 3m mott,-1
bahhahhahhah bass sha3re mish 2asir 7atta hay mish zabta,-1
halla2 ana shakli jaddye ma kharjkon shi people,-1
ka2abet rabbe,-1
please naw3yt hal nes tn2le33,-1
mesh 3am fene etnfas,-1
kol khara ma tjibe serto 3a lsenak,-1
mbala kermel elo shaher mosab iza mish aktar,-1
5alas de2elle whatsapp call ta ghanellak yeha ana 7atbakine 3leik kormel weam nano muna 3ena,-1
bas ana eshrab deben byeshrab ma 3m feya tir,-1
la2 abadan meen 2al mkaneknin min fi2 la nrouh 3al uni bil bardet,-1
eh bass zizou 3a2leto sheghel dayyeto,-1
fina nmash trend jdeede esma ana ma bhebb edros please merci,-1
yalla za7it,-1
